収録カードナンバー,レアリティ,日本語名,フリガナ,ルビ,種類,所属軍,属性1,属性2,属性3,属性4,Lv,ATK,HP,STK,左上アイコン,左下アイコン,テキスト,CNT,フレーバーテキスト,投入最大数
2021GB03-001,★★★★Ⓛ,五大竜王 千刃皇ヴァン・レイン,ごだいりゅうおう せんじんおうヴァン・レイン,,ユニット,ウォルナー,神,ドラゴン,ドラゴンロード,,3,7,5,2,TD,レジェンド,【TD】君のデッキの上から１枚をこれのソウルに入れる。【２回攻撃】【ソウルガード】■これを通常召喚する際、召喚権を２使う。■これは守備ゾーンに置けない。,,"我が力、我がために使う事すでに飽く。来たれ、価値ある者よ。我が助力にふさわしき者よ。
命名：ゲームスマンPAT",1
2021GB03-002,★★★★Ⓢ,戦錬のヴァベルシオン,せんれんのヴァベルシオン,,ユニット,ウォルナー,ドラゴン,炎,レギンレイヴ,,4,7,5,2,,,【コスト軽減】これを手札からプレイする際、［手札を１枚デッキの下に置く］事で、２コストでプレイしてもよい。【直衛召喚】（即時：相手のターン中、これを通常召喚する。）■「ゴンドゥル・フルバースト」 通常：［DR３］場の相手のカード１枚を選び、墓地に置く。,,"レギンレイヴ。アークに封印されし諧謔の神、ロキの試練に挑み、超常の力を得た者たち。
命名：藤原寛樹",4
2021GB03-003,★★★★Ⓢ,闇の魔獣 レイ・ガルゴーラ,やみのまじゅう レイ・ガルゴーラ,,ユニット,ウォルナー,ビースト,炎,魔王,闇,4,5,3,1,OD TD,,【コスト軽減】これを手札からプレイする際、［手札を１枚デッキの下に置く］事で、２コストでプレイしてもよい。【TD】【OD】君のデッキの上から１枚をこれのソウルに入れる。【２回攻撃】【ソウルガード】■「冥府の獣」 ［DR４/ビースト・闇］相手に場の自身のセットカード１枚を選ばせる。それ以外の相手のセットカードを全て墓地に置く。■場に君の他のビーストがあれば、相手は特殊召喚できない。,,深淵より魔の獣が訪れし時、定理は狂い、構築された術式は霧散する。,4
2021GB03-004,★★★★,聖風の守護者 アーラ,せいふうのしゅごしゃ アーラ,,ユニット,ウォルナー,風,戦士,光,,3,3,5,1,,,【警戒】【２回攻撃】■「ヴァルハラよりの帰還」 これが【創生召喚】か手札からプレイされて場に出た時、［DR２］してもよい。そうしたら君のダメージゾーンからレベル１以下の戦士１体を選び、特殊召喚する。そのユニットの【TD】を使ってもよい。■君のユニットは効果ダメージを受けない。,,全てを見渡す天空から飛来する裁きの矢。悪の逃げ延びる寄る辺など無し。,4
2021GB03-005,★★★★,ブラックナイト・ゴドデイン,ブラックナイト・ゴドデイン,,ユニット,ウォルナー,戦士,トレイター,魔王,闇,2,1,6,2,TD,,【TD】君の墓地からレベル１以下の“ブラックナイト”１体を選び、特殊召喚する。■君の“ブラックナイト”は【接死】を得る。（【接死】を持つユニットに戦闘ダメージを与えられたユニットは、ダメージステップ終了時に破壊される。）,,闇の騎士王はけげんな表情を浮かべた。「我が古き盟友、ポルヴィスよ……信じられぬが貴殿、死相が出ておるぞ。」,4
2021GB03-006,★★★★,転生者 シオリ・ローディア,てんせいしゃ シオリ・ローディア,,ユニット,ウォルナー,魔術師,水,,,2,1,4,0,CNT,,■これが場に出た時、これの【創生召喚】を行ってもよい。【創生召喚】通常：これと、味方の戦士か魔術師のユニット１体以上を素材にして、これをゲームから除外し、これ以外の素材をデッキの下に置く。そうしたら素材にしたユニットの合計レベル以下のレジェンドではない、戦士かドラゴンを１体デッキから特殊召喚してもよい。,これを攻撃ゾーンに特殊召喚する。,ここまで一緒に生き延びてきた仲間を今更見捨てるなんて。私が前世で愛してきたコンテンツには、そんな展開なかったもの。,4
2021GB03-007,★★★★,マース・エレ（星の宝玉）,マース・エレ,,イベント,ウォルナー,禁呪,,,,2,,,,CNT,,使用タイミング：通常■次のどちらかを選ぶ。◯相手に場の自身のセットカード１枚を選ばせる。それ以外の相手のセットカードを全て墓地に置く。◯レベル３の敵ユニット１体を選び、破壊する。,これをプレイする。,神の放つ絶対消滅魔法は、荘厳かつ美しくあった。,4
2021GB03-008,★★★,ブラックナイト・ヴァメル,ブラックナイト・ヴァメル,,ユニット,ウォルナー,トレイター,魔術師,闇,,1,4,2,1,,,■「空間湾曲」 即時：［DR２］（ダメージリバース。君のダメージゾーンのカード２枚を裏返す。）これを手札から捨て、君が次に受けるダメージを２軽減する。,,二言目には『魔竜様！　魔竜様！』と。ゾア殿、もしあなたの神がお隠れになったなら……何を支えに生きていくおつもりかな？,4
2021GB03-009,★★★,魔法学院の才媛 パウラ,まほうがくいんのさいえん パウラ,,ユニット,ウォルナー,光,魔術師,,,1,2,3,0,TD,,【TD】君のデッキの上から３枚見て、レベル１以下のユニット１枚を選んで公開し手札に加えてもよい。その後、それ以外のカードをデッキの下に置く。手札に加えているなら、手札を１枚捨てる。【創生召喚】通常：これと、味方の戦士か魔術師かドラゴンのユニット１体以上を素材にしてデッキの下に置く。そうしたら素材にしたユニットの合計レベル以下の神か戦士かドラゴン１体をデッキから特殊召喚してもよい。,,私たちもそろそろ卒業。学院に守られながら身につけた力で、今度は世界を守らなくちゃ。,4
2021GB03-010,★★★,暗夜の抱擁 モルタナ,マリカ・ライラ モルタナ,,ユニット,ウォルナー,魔王,魔術師,闇,,2,5,5,2,CNT,,■「魔術の王」 君が手札かセットゾーンからイベントをプレイする際、任意の回数［DR２］（ダメージリバース。君のダメージゾーンのカード２枚を裏返す。）してもよい。その回数分、そのコストで支払うエナジーは１少なくなる。,１枚引く。,愚かなり魔竜。自らの器を盛ってまで強欲を満たそうとするなど、傲慢が過ぎようぞ。,4
2021GB03-011,★★★,アル・テリア（天撃）,アル・テリア,,フィールド,ウォルナー,風,光,魔法,,1,,,,CNT,,■即時：［これを墓地に置く］以下のどちらかを行う。◯場の相手のカード１枚を選び、それのソウルを全て墓地に置く。◯相手の墓地のカード２枚までを選び、ゲームから除外する。■これが場から墓地に置かれた時、１枚引く。,これをフィールドゾーンに置く。,君の鋭い戦術眼は、敵デッキの弱点を射抜くだろう。,4
2021GB03-012,★★,鋼の魔神 ガイアトロン,はがねのまじん ガイアトロン,,ユニット,ウォルナー,神,大地,ビースト,,3,5,5,3,CNT OD TD,,【コスト軽減】これを手札からプレイする際、任意の回数［君の墓地から大地を２枚除外する］してもよい。その回数分、コストを１軽減する。【TD】【OD】「大地粛清」 相手に場の自身のセットカード１枚を選ばせる。それ以外の相手のセットカードを全て墓地に置く。■「アースクェイク」 通常：［DR１/大地］敵ユニット全てに１ダメージを与える。,君のライフが残り４以下なら、１回復する。,"不都合な事実を認めようとせぬ者たちよ。
お前たちの傲慢を、大地が裁く時が来た。",4
2021GB03-013,★★,邪竜の司祭 ゾア,じゃりゅうのしさい ゾア,,ユニット,ウォルナー,トレイター,魔術師,闇,,2,5,1,2,,,■これは守備ゾーンに置けない。【深淵召喚】通常：これを墓地に置く。そうしたら君の墓地から【アビスシンフォニア】を持つユニットを１体、その条件を満たす事で特殊召喚してもよい。■これが相手によって場から墓地に置かれた時、【深淵召喚】を行ってもよい。,,隔世遺伝により魔竜の因子が発動し、人間の同胞として認められなかったゾア。彼の精神破壊波動は怒りによって発現し、執念によって磨かれていた。しかし……,4
2021GB03-014,★★,スカルビッチ,スカルビッチ,,ユニット,ウォルナー,怪異,ダンジョン,水,闇,2,5,5,1,OD,,【TD】「魔王様出番ですよ。」 手札からカードを１枚捨てる。そうしたらデッキからレジェンドではない魔王１枚までを手札に加える。,"

",お出かけされますと?!　虚弱体質のメリル様にとって外出＝死であるにも関わらず?!　ついに自らの命を断つご決断をされたという事ですな。ではこちらのダンジョンの支配権譲渡証明書にサインを。,4
2021GB03-015,★★,大地の仲介者 ザヒーラ,だいちのちゅうかいしゃ ザヒーラ,,ユニット,ウォルナー,大地,魔術師,,,2,1,2,0,OD TD,,【TD】【OD】君の墓地からレベル１以下のビースト１体を選び、特殊召喚する。君のメインフェイズ終了時、それを墓地に置く。■君のメインフェイズにこれが手札から捨てられた時、これを特殊召喚してもよい。【深淵召喚】【創生召喚】通常：これと、味方の魔術師かビーストかドラゴンのユニット１体以上を素材にしてデッキの下に置く。そうしたら素材にしたユニットの合計レベル以下のビースト１体をデッキから特殊召喚してもよい。,,闇の牙城によって汚された大地にも、命は猛々しく根を張り、紡がれていく。,4
2021GB03-016,★★,デメルトリア（精神破壊魔法）,デメルトリア,,イベント,ウォルナー,魔法,闇,,,1,,,,,,使用タイミング：即時■相手のユニットの能力１つを選び、その能力を打ち消す。その後、そのユニットは全ての能力を次のターン開始時まで失う。,,"ゾアの精神破壊魔法は対象の体内魔力を触媒として、無防備な魂に直接攻撃を加える恐るべき魔法だった。
しかし山田には魔法適性が（以下略）",4
2021GB03-017,★,士竜王 エクイエス,しりゅうおう エクイエス,,ユニット,ウォルナー,大地,ドラゴン,,,2,5,4,2,,,■「士王の鎧」 通常：［DR４/ドラゴン］（ダメージリバース。君のダメージゾーンのドラゴン４枚を裏返す。）君の墓地からドラゴン１枚を選び、これのソウルに入れる。【ソウルガード】,,"はるかな古代、世界の創造という役割を終えた竜たちは、消滅を選ばなかった。未来において自分たちの役割がもう一度訪れる事を……外敵との戦いを予測していたからだ。
ユニット原案・小林亨",4
2021GB03-018,★,プロフェッサー・カルマゾフ,プロフェッサー・カルマゾフ,,ユニット,ウォルナー,風,魔術師,水,,1,2,2,0,TD,,【TD】「ディスペル・ハラスメント」 相手に場の自身のセットカード１枚を選ばせる。それ以外の相手のセットカードを全て墓地に置く。■「スタンド・バイ・ユー」 君のメインフェイズにこれが手札から捨てられた時、これを特殊召喚してもよい。■通常：これのレベルを、ターン終了時まで２にする。,,「君たちは優秀な生徒だが、人を疑う事も覚えるべきだ。」成績表がオールＣに見える幻術を仕掛けながら、彼はほくそ笑んだ。,4
2021GB03-019,★,茫幻のヴィノクラス,ぼうげんのヴィノクラス,,ユニット,ウォルナー,風,ドラゴン,,,2,4,4,2,,,■「縛られぬ道筋【ターン１】」 通常：これをデッキの下に置いてもよい。そうしたら君のデッキからレベル２のドラゴン１体を選び、特殊召喚する。,,世界は変化する。ならば私も、自らの意思で変化する事が可能であろう。,4
2021GB03-020,★,銀鱗の戦士,ぎんりんのせんし,,ユニット,ウォルナー,風,戦士,,,1,2,2,2,CNT TD,,【TD】これはターン終了時まで、『■このユニットが攻撃した時、君の墓地から戦技のイベント１枚を選び、コストを支払わずにプレイしてもよい。そうしたらそのイベントを墓地に置く代わりにデッキの下に置く。』を得る。,君のデッキから戦技２枚までを選び、墓地に置く。,軍神ザイオスの祝福により、彼は常人を超える力を得た。しかし戦士としての高潔な心は、彼が生まれ持ったものなのだ。,4
2021GB03-021,★,竜騎士 ゼイガー,りゅうきし ゼイガー,,ユニット,ウォルナー,戦士,ドラゴン,ビースト,,1,2,1,1,TD,,【TD】相手のセットカード１枚を選び、墓地に置く。この能力がゲートにある間、選ばれたカードはプレイする事ができない。,,魔竜の不在を確認した山田一行は、魔竜の神殿に突入しウェスカロット帝国へと帰還するため血路をひらく。だがその前に魔竜の腹心、魔道士ゾアが立ちはだかった。,4
2021GB03-022,★,ル・シャブティ ケットシー,ル・シャブティ ケットシー,,ユニット,ウォルナー,戦士,ビースト,,,1,1,1,1,CNT,,【ファミリア】■君のメインフェイズにこれが手札から捨てられた時、これを特殊召喚してもよい。■「侯爵様のお使いニャ」 通常：これのレベルを、ターン終了時まで２にする。,「ジャイアントキリング」 レベル３の敵ユニット１体を選び、破壊する。,次の弾辺りにレギンレイヴになるのも流行りそうニャ。,4
2021GB03-023,★,レイン・オブ・ティアー,レイン・オブ・ティアー,,イベント,ウォルナー,死影,闇,,,3,,,,,,使用タイミング：通常■相手は自身の手札を２枚捨てる。■通常：［１エナジーを支払い、これを手札から捨てる］１枚引く。,,天使の骨で作られた異形の街で、人々は徐々に人でないモノに為り変わってゆく。,4
2021GB03-024,★,シールドウォール,シールドウォール,,イベント,ウォルナー,魔法,,,,0,,,,,,使用タイミング：セットして、君が攻撃されている時に使える。■その戦闘ダメージを０にする。,,鎧を貫く魔法が生み出されれば、それを防ぐ魔法を。魔法が強くなりすぎたのならば、それを使わせない戦術を。現場は対処する。事実に対して諦めたりはしない。,4
2021GB03-025,★,バラーレ・ザイオス（我が肉体は鋼となりて）,バラーレ・ザイオス,,イベント,ウォルナー,戦技,タクティクス,,,0,,,,CNT,,使用タイミング：通常■次のどちらかを選ぶ。◯このターン、君のルーラーに【２回攻撃】を与え、STK－２する。◯君の墓地の戦技が３枚以下なら、君のデッキから“バラーレ・ザイオス（我が肉体は鋼となりて）”以外の戦技２枚までを選び、墓地に置く。,レベル２以下の味方ユニット１体を選び、アクトする。,,4
2021GB03-026,★,ランド・オブ・マッドネス,ランド・オブ・マッドネス,,イベント,ウォルナー,名所,闇,,,-2,,,,CNT,,使用タイミング：即時■君が次に受けるダメージを０にする。（アドバイス！　エナジーを持つルーラーがレベルがマイナスのカードをプレイしても、エナジーはアクトしない。）,場の君のカード１枚を選び、墓地に置く。,時間と記憶の整合性が失われ、脱出不可能と言われた「時喰らいの地」を、東妖軍派遣部隊は苦も無く突破した。なぜなら、隊長である山田には魔法適性が一切無いため、時の呪いも作用しなかったからだ。,4
2021GB03-027,★,魔竜の神殿,まりゅうのしんでん,,フィールド,ウォルナー,名所,闇,,,1,,,,CNT,,■これは、君のフィールドゾーンの“魔竜の神殿”の枚数によって以下の効果を得る。●１枚以上：君の墓地のカードは相手の効果を受けない。●２枚以上：君の墓地の【CNT】を持たないカードは闇を持つ。●３枚以上「贄となれ【ターン１】」 通常：手札を１枚捨て、１枚引く。●４枚以上：君の墓地のユニットは「【アビスシンフォニア】条件：君の墓地から闇のカードを３枚ゲームから除外する。」得る。,これをフィールドゾーンに置く。,,4
2021GB03-028,★★★★Ⓛ,悪魔少女カラベラ,あくましょうじょカラベラ,,ユニット,ATLAS,アクシデンツ,魔王,,,2,5,5,2,CNT,レジェンド,【オープンカード】（通常召喚された場合、召喚権を支払う。）■「アンタに爆弾【ゲーム１】」 これがオープンされて場に出た時、相手に２ダメージを与える。■「アンタにも爆弾【ゲーム１】」 これがオープンされて場に出た時、君は２ダメージを受ける。,「カゲキな爆撃」 敵ユニット１体以上を選び、５ダメージを割り振る。 ,気に入らないね、侵略次元。この世界はあたいのオモチャだよ！,1
2021GB03-029,★★★★Ⓢ,幻霧の守護竜 ミストクロック・ドラゴン,げんむのしゅごりゅう ミストクロック・ドラゴン,,ユニット,ATLAS,OWL,ガーディアン,ドラゴン,歴史,4,6,7,2,,,【コスト軽減】これを手札からプレイする際、［君の墓地にあるOWLかドラゴンを４枚ゲームから除外する］事で、２コストでプレイしてもよい。■「可能性の集約」 相手がイベントをプレイした時、または君のユニットが攻撃した時、デッキの上から１枚をこれのソウルに入れる。■「可能性の結実【ターン１】」 これが攻撃した時、君のカードのソウルを２枚デッキの下に置いてもよい。そうしたらルーラーかユニット１体を選び、アクトする。■君のルーラーに【貫通】を与える。,,ロンドンの守護竜は霧をまとい、誇りを護る。,4
2021GB03-030,★★★★Ⓢ,ルシファー・ザ・ライトブリンガー,ルシファー・ザ・ライトブリンガー,,ユニット,ATLAS,OWL,魔王,レギンレイヴ,,4,5,5,2,,,【コスト軽減】これを手札からプレイする際、［手札を１枚デッキの下に置く］事で、２コストでプレイしてもよい。【直衛召喚】【強化】OWLまたはレギンレイヴ 【ソウルガード】■これが場に出た時、全てのユニットに５ダメージを与える。このダメージは軽減されない。■即時：［DR２］【ターン１】君のエナジー１枚を選び、アクトする。,,アークからの親善大使は、地球人の誰もが知る不吉な存在だった。,4
2021GB03-031,★★★★,フルアーマーポルヴィス・モウス・レクス,フルアーマーポルヴィス・モウス・レクス,,ユニット,ATLAS,テクノロジー,ドラゴン,ドラゴンロード,闇,3,7,7,2,CNT,,【アビスシンフォニア】条件：君の墓地から【CNT】を持たない闇のカードを４枚デッキの下に置く。■「ディザスターストーム」 これが【深淵召喚】で場に出た時、相手のセットカードを全て破壊し、ライフを１回復する。■これは【深淵召喚】されたターン、【警戒】を得る。,君のライフが残り３以下なら、ターンを終了させる。,ミダスの開発した“ドレス”をまとい、荒塵王は自らの体表面を覆う「百億年の壁」をコントロールする術を得た。,4
2021GB03-032,★★★★,次期主力機甲兵 ヴァルトロス,じきしゅりょくきこうへい ヴァルトロス,,ユニット,ATLAS,ミリタリー,ロボ,,,2,4,5,2,,,■「ストレイフ」 即時：［DR２］（ダメージリバース。君のダメージゾーンのカード２枚を裏返す。）敵ユニット１体を選び、２ダメージを与える。,,次世代の主力を担うヴァルトロスに求められたのは、攻防の完璧なバランス、だった。,4
2021GB03-033,★★★★,ソニックヴォルテージ,ソニックヴォルテージ,,ユニット,ATLAS,覚醒者,風,ヒーロー,レギンレイヴ,2,5,2,2,CNT TD,,【TD】１枚引く。■これは守備ゾーンに置けない。,これを特殊召喚する。,NYゾンビカリプス、東京第三次次元防衛戦、終末の獣のキプロス島急襲。これらはほぼ同時期に起こった。もし、一部の者達が言うように地球そのものに防衛本能があるのなら……新章では多くの覚醒者が現れるかも知れない。,4
2021GB03-034,★★★★,イーオン・エンブレイス,イーオン・エンブレイス,,イベント,ATLAS,火力,魔法,,,3,,,,CNT,,使用タイミング：即時【コスト軽減】これをプレイする際、［DR４］するか、［手札を１枚デッキの下に置く］事で、１コストでプレイしてもよい。■このイベントは手札からもプレイできる。■敵ユニット１体を選ぶ。そのユニットは次のターン開始時まで能力を全て失い、５ダメージ受ける。■このイベントがゲートにある間、各プレイヤーはカードのプレイや能力の使用ができない。,これをプレイする。,秘密兵器「次元間ゲート」より出現したポルヴィス・モウス・レクスは、ミダスより贈られた“ドレス”をまとい、ト・メガ・セイリオンを一撃で砂礫とした。ミダスは、異世界の強力な存在が友人である事を証明し、ATLAS軍における発言権を強めていった。,4
2021GB03-035,★★★,キャプテン・ゾンビー,キャプテン・ゾンビー,,ユニット,ATLAS,ゾンビ,ヒーロー,ミリタリー,,2,6,2,2,,,■「腐っても元刑事」 これが場に出た時、相手のセットカード１枚を選び、墓地に置く。この能力がゲートにある間、選ばれたカードはプレイする事ができない。■「地獄の寝床は満席だとよ」 通常：［DR３/ゾンビ・ミリタリー］君の墓地からこれを特殊召喚する。,,ニューテックのやつらめ。俺の脳より腐ってやがる。,4
2021GB03-036,★★★,血染めの猛禽 ビッグオウル,ちぞめのもうきん ビッグオウル,,ユニット,ATLAS,戦士,ワイルドフォース,,,2,4,4,1,,,【貫通】【反撃】【ソウルガード】【強化】ワイルドフォース■これが攻撃した時、手札を１枚捨ててもよい。そうしたらこれをアクトする。,,"度重なる作戦無視、弾薬の無駄使い。ついに司令官ビッグオウルはブチ切れた。彼は伝説の狂戦士として、戦いの見本を示す事にしたのだ。
そして経費は倍に膨れ上がった。",4
2021GB03-037,★★★,滅びし世界のアリス,ほろびしせかいのアリス,,ユニット,ATLAS,アリス,覚醒者,,,1,3,3,1,TD,,【TD】「Mad tea party」 デッキの上から２枚見て、A7かアリスのユニット１枚を手札に加えてもよい。それ以外をデッキの下に置く。■「I make the path!」 全てのA7とアリスは【貫通】を得る。,,"天使のような優しさゆえに、悪魔の如き力を振るえず、滅ぼされた少女の故郷。
戦士となった少女は誓う。過ちはもう繰り返さない。",4
2021GB03-038,★★★,神の見えざる手,かみのみえざるて,,イベント,ATLAS,ビジネス,,,,0,,,,,,使用タイミング：通常■「強欲の報酬【ターン１】」 君のエナジー２枚までを選び、アクトする。,,裏で牛耳るなどもう古い。裏も表も支配してこそ真の強者。新時代の英雄。強欲である事は成功のための美徳なのだ。,4
2021GB03-039,★★,バトリオンスリンガー ガーソン,バトリオンスリンガー ガーソン,,ユニット,ATLAS,ミリタリー,,,,3,4,4,2,OD TD,,【コスト軽減】これを手札からプレイする際、［君の墓地にあるミリタリーのカードを２枚ゲームから除外する］事で、２コストでプレイしてもよい。【TD】【OD】君のデッキから“Guns＆Gold兵器工廠”を１枚まで選び、フィールドゾーンに置く。■「フーバー！」 これが攻撃した時、敵ユニット１体を選び、１ダメージを与える。,,一人で機甲師団を展開できるからって、毎日ジェット機から戦場のど真ん中に落っことされる。まるで爆弾扱いさ。,4
2021GB03-040,★★,ジャック・チャーチル,ジャック・チャーチル,,ユニット,ATLAS,戦士,ヒーロー,ミリタリー,レギンレイヴ,2,3,1,2,CNT TD,,【TD】「ジャイアントキリング」 レベル３の敵ユニット１体を選び、破壊する。,これの【TD】を使う。,"「彼ら」は幽霊なのか？　否。
欧州において、英雄とは不死の存在である。祖国のみならぬ地球の危機に、現れないはずがない。",4
2021GB03-041,★★,A7 チェシャ猫,アリスセブン チェシャねこ,,ユニット,ATLAS,A7,覚醒者,,,1,0,1,0,TD,,【TD】味方ユニット１体を選び、ターン終了時までHP＋１する。■このユニットは即時タイミングで通常召喚できる。■「猫のない笑い【ターン１】」 通常：これを手札に戻す。,,あっちの道を選ぶ人もいれば、こっちの道を選ぶ人もいる。あんたがどっちを選んでも問題ないさ。俺なら近道を選ぶけどね。,4
2021GB03-042,★★,ブラック・ケットシー,ブラック・ケットシー,,ユニット,ATLAS,OWL,ビースト,闇,,-2,1,2,0,CNT,,【ファミリア】（通常：これに、ターン終了時まで任意の属性を１つ追加する。）■通常：これのレベルを、ターン終了時まで１にする。■「闇の結晶」 これを【アビスシンフォニア】の素材にする時、これのレベルを０から３のいずれかとして扱ってよい。,１回復し、君は２ダメージ受ける。,仮にOWLの面々の住む世界を“影の地球”と呼ぶならば、そこはウォルナーと地球の中間に位置しているのだろう。,4
2021GB03-043,★★,ワイルドレイジ,ワイルドレイジ,,イベント,ATLAS,火力,戦技,タクティクス,ワイルドフォース,1,,,,CNT,,使用タイミング：通常■敵ユニット１体を選び、３ダメージを与える。,敵ユニット１体を選び、５ダメージを与える。,アークから地球への提供戦力第一陣がワイルドフォースだったのは、彼らのメンタリティが地球人になじみやすいと判断されたからである。参考になったのは、1960年代のアクション映画だ。,4
2021GB03-044,★,不倒の守護獣 カストディウス,ふとうのしゅごじゅう カストディウス,,ユニット,ATLAS,OWL,ガーディアン,ビースト,歴史,2,5,3,2,CNT,,【貫通】【強化】OWLまたはビースト■「ワイルドハウリング【ターン１】」 通常：［君のカードのソウルを１枚墓地に置く］ターン終了時まで場の君のOWLとビーストをSTK＋１する。,［DR３/ビースト・OWL］してもよい。そうしたらこれを君の攻撃ゾーンに特殊召喚する。,ピサの守護獣は倒れない。不倒を願う人々の想いを背負い、悪を狩る。,4
2021GB03-045,★,一等兵（プライベート・ファースト）ヤング・ベアー,プライベート・ファースト ヤング・ベアー,,ユニット,ATLAS,ビースト,ミリタリー,ワイルドフォース,,2,5,5,2,,,【コスト軽減】これを手札からプレイする際、［君の墓地にあるワイルドフォースのカードを２枚除外する］事で、１コストでプレイしてもよい。【強化】ワイルドフォース【ソウルガード】,,"ウルフ「期待の新人だな。ちょっとばかり真面目すぎるのが気になるが。」
タイガー「安心しろ。お前も入隊して半月で知能指数が半分になったじゃねえか。」",4
2021GB03-046,★,A7 マダム・ダッチェス,アリスセブン マダム・ダッチェス,,ユニット,ATLAS,A7,戦士,レギンレイヴ,,1,5,1,1,TD,,【TD】「浸砕拳」 相手に１ダメージを与える。■「轟撃波」 通常：［DR３］味方ユニット１体を選ぶ。このターン、それが相手にはじめて戦闘ダメージを与えるまで、STK＋１する。,,"嵐に同情が必要かい？　泣けば地震は収まるのかい？　
優しいアリス。やつらは天災と同じなんだよ。",4
2021GB03-047,★,ゾンビスラッガー,ゾンビスラッガー,,ユニット,ATLAS,ゾンビ,,,,1,3,1,1,OD TD,,【TD】【OD】「フルスイング」 敵ユニット１体を選び、２ダメージを与える。■「ピンチヒッター」 このユニットは即時タイミングで通常召喚できる。■これは守備ゾーンに置けない。,,NYで発生したゾンビカリプスは、ATLAS軍と東妖軍兵士たちの働きにより、ゾンビウィルス拡散阻止に成功した。腐った林檎は壁に囲われる事となった……。,4
2021GB03-048,★,ゾンビトロール,ゾンビトロール,,ユニット,ATLAS,OWL,ゾンビ,トレイター,,0,3,2,1,OD TD,,【TD】手札のゾンビを１枚捨ててよい。そうしたら１枚引く。【OD】君のデッキの上から１枚墓地に置く。,,デカいとは思ってたが、敵に回すとより大きく見える。,4
2021GB03-049,★,ヘルダイバー ホワイトナイト,ヘルダイバー ホワイトナイト,,ユニット,ATLAS,レギンレイヴ,ワイルドフォース,,,0,4,2,1,,,■「航空偵察」 通常：［DR３/ワイルドフォース］君は相手の手札を見て、その中から１枚捨てさせる。,,ホワイトのヤツ、長期休暇から帰ってきたと思ったら、見た目がまるっきり変わってやがった。こりゃアレだな。『地の底のロキ』の所に行ったに違いないぜ。,4
2021GB03-050,★,気化爆弾,きかばくだん,,イベント,ATLAS,火力,,,,3,,,,CNT,,使用タイミング：通常【コスト軽減】これを手札からプレイする際、［手札を１枚デッキの下に置く］事で、１コストでプレイしてもよい。■セットカードを全て破壊する。,これをプレイする。,侵略次元に支配された中東には、直径1000キロメートルに及ぶ結界が張り巡らされている。これを物理的に破壊する術は無く、空間を書き換えられるゲートルーラーのみが、血路を開く事ができるのだ。,4
2021GB03-051,★,ヴルンツヴィークの断頭,ヴルンツヴィークのだんとう,,イベント,ATLAS,戦技,魔法,,,2,,,,CNT,,使用タイミング：即時■このイベントは手札からもプレイできる。■敵ユニット１体を選び、２ダメージを与える。その後、そのユニットに２ダメージを与える。,これをプレイする。,"「その地を害する者訪れし時、英雄ヴァーツラフの振りかざす魔法の剣は空を飛び、敵の首をことごとく切り落とす」
～プラハの魔法の剣の伝承より～",4
2021GB03-052,★,ブロンズスター,ブロンズスター,,イベント,ATLAS,ミリタリー,メダル,,,1,,,,,,使用タイミング：即時■このイベントは手札からもプレイできる。■君のアタックフェイズ中、場の君のレベル２以下のミリタリーを１体墓地に置き、そのレベル以下のミリタリーを１体君のダメージゾーンから特殊召喚する。そうしたらこれを君のダメージゾーンに置き、１枚引く。,,作戦において英雄的、かつ名誉ある奉仕を行い、成果を挙げた者に贈られるブロンズスター。ワイルドフォース内では、司令官の酒蔵の合い鍵を作ったエレファントにこそふさわしいと考えられている。,4
2021GB03-053,★,覚醒者の怒り,かくせいしゃのいかり,,イベント,ATLAS,サイキック,,,,0,,,,CNT,,使用タイミング：即時■味方ユニット１体が受ける効果ダメージを０にする。その後、敵ユニット１体を選び、２ダメージを与える。,これをセットする。,心優しき少女は、嵐をまとって戦士へと覚醒した。優しい世界を取り戻すために、自らの優しい心と決別して。,4
2021GB03-054,★,パルジファル,パルジファル,,イベント,ATLAS,戦技,,,,0,,,,,,使用タイミング：即時■このイベントは手札からもプレイできる。■味方ユニット１体を選ぶ。そのユニットはターン終了時まで、ダメージ以外では破壊されない。（【接死】などの、能力や効果では破壊されない。）,,"さて、お待ちかねの未来視の時間だ。ふむ……おお、これは?!
まるで今までのオールスター総出演ではないか！　 私もスーツを新調せねばな。",4
2021GB03-055,★★★★Ⓛ,たたり鬼,たたりおに,,ユニット,東妖,アクシデンツ,怪異,,,-5,7,5,1,CNT,レジェンド,【オープンカード】【３回攻撃】■これは中央ラインしか攻撃できない。■君の手札が１枚以上あるなら、このユニットは【３回攻撃】を失う。■これがいずれかの領域から墓地に置かれる時、代わりにゲームから除外する。,これを場に出し、相手はこれのコントロールを得る。,「たたり鬼」は正にたたりの化身なり。門の守護者を遊ぶ者共が、余りにもたたりを喜びし由、歓迎されたると勘違ひせる呪ひが、形となりてたたり鬼となりき。,1
2021GB03-056,★★★★Ⓢ,コノハナサクヤヒメ,コノハナサクヤヒメ,,ユニット,東妖,神,,,,4,5,5,2,OD TD,,【コスト軽減】これを手札からプレイする際、［手札を１枚デッキの下に置く］事で、２コストでプレイしてもよい。【TD】【OD】君のデッキの上から２枚見て、それを全て手札に加えるか、その中の１枚をドライブし、それ以外のカードをデッキの下に置く。■これが特殊召喚された時、これの【OD】を使う。,,花の命は短くて苦しき事のみ多かりき。,4
2021GB03-057,★★★★Ⓢ,竜型決戦兵器 “伏雷”,りゅうがたけっせんへいき “フセイカズチ”,,ユニット,東妖,ドラゴン,ミリタリー,,,4,5,7,2,,,【コスト軽減】これをプレイする際、［DR４/ミリタリー］する事で、２コストでプレイしてもよい。【反撃】■「移動要塞【ターン１】」 これが攻撃した時、以下のどちらかを行ってもよい。○手札からレベル１以下のミリタリーを１体特殊召喚する。○場のレベル１以下のミリタリーを１体アクトする。■君のミリタリーをSTK＋１する。,,雷神八柱の一柱、伏雷のコンセプトは、「山のように頑強で、単機にて戦線を押し上げる一騎当千の移動要塞」であり、その電子頭脳には、地神であるニニギノミコトゆかりの祝詞がプログラムされている。,4
2021GB03-058,★★★★,神野悪五郎,しんのあくごろう,,ユニット,東妖,怪異,魔王,,,3,6,3,2,,,■『百鬼夜行』では、これをレベル０として扱う。■これは守備ゾーンに置けない。■「魔道蓮華」 通常：［君の墓地から怪異１枚を除外する］敵ユニット１体を選び、１ダメージを与える。■「妖魔の頭目」 これが場から離れる際、［DR３/怪異］してもよい。そうしたらこれは場に留まる。,,まつろわぬ怪異たちの王は、大局を見据えたが故に乱を起こした。そして敗北し、怪異たちが一丸となって人類に協力する筋道を作ったのだ。,4
2021GB03-059,★★★★,一軾天兵 “紫電”,いっしきてんぺい “しでん”,,ユニット,東妖,ミリタリー,ロボ,,,2,5,4,1,CNT,,【警戒】■「緊急出撃」 通常：［DR３/ミリタリー・ロボ］（ダメージリバース。君のダメージゾーンのミリタリーかロボ合計３枚を裏返す。）君の墓地からこれを特殊召喚する。,君の墓地からレベル１以下のタクティクスかテクノロジーのイベント１枚を選び、セットしてもよい。,戦地であると同時に観光都市でもある東京では、兵器にもデザイン上の魅力が求められる。,4
2021GB03-060,★★★★,彼岸花の李狐狸,ひがんばなのりこり,,ユニット,東妖,怪異,魔術師,,,2,2,2,1,,,【創生召喚】通常：これと、味方の怪異か魔術師のユニット１体以上を素材にしてデッキの下に置く。そうしたら東妖かウォルナーの、神か魔王かドラゴンを１体デッキから特殊召喚してもよい。■「救荒」 君のメインフェイズにこれが手札から捨てられた時、これを特殊召喚してもよい。そうしたら君は１ダメージ受ける。■これが場から墓地に置かれた時、相手は場の自身のカードか手札を１枚墓地に置く。,,今を生き残らなければ、そもそも未来など無いじゃない。,4
2021GB03-061,★★★★,春の雅,はるのみやび,,イベント,東妖,まじない,,,,1,,,,,,使用タイミング：通常■デッキの上から４枚見て、レジェンドではないカード１枚を選び、相手に見せてから手札に加えてもよい。それ以外をデッキの下に置く。,,季節は巡る。必ず春は来る。晴れない人の心を置き去りにして。,4
2021GB03-062,★★★,独立哨戒天兵 “青嵐”,どくりつしょうかいてんぺい “せいらん”,,ユニット,東妖,ミリタリー,ロボ,,,2,5,5,2,,,■「戦術解析」 通常：［DR４/タクティクス・テクノロジー・ミリタリー］相手に場の自身のセットカード１枚を選ばせる。それ以外の相手のセットカードを全て墓地に置く。■これが攻撃ゾーンにある時、君への戦闘ダメージは０になる。,,パイロットを専属アンドロイドとする事で、長期間の高高度哨戒任務を可能とする「ヴァルキリープロジェクト」は、官民双方から妙に熱い支持を受けて推進された。,4
2021GB03-063,★★★,陰陽師 絶夜,おんみょうじ ぜつや,,ユニット,東妖,魔術師,,,,2,3,3,2,CNT,,■相手は特殊召喚できない。■即時：［DR３］【OD】か【TD】１つを選び、その能力を打ち消す。,相手に場の自身のセットカード１枚を選ばせる。それ以外の相手のセットカードを全て墓地に置く。,異界の神よ、自らの地で眠っておれば良かろうに、わざわざ地の利を捨てて敵地に赴くとは愚かの極み。我らが帝都を守るべく、400年仕掛け続けた呪法の数々、存分に味わうがいい。,4
2021GB03-064,★★★,陸戦拡張兵装 “熊羆”,りくせんかくちょうへいそう “ゆうひ”,,ユニット,東妖,ミリタリー,ロボ,,,2,3,3,1,OD,,【OD】君のデッキからレベル２以下のタクティクスかテクノロジーのイベント１枚を選び、セットする。【貫通】,,都市部における小型人型兵器の有用性は実証された。陸戦拡張兵装は今後、様々なバリエーションが実戦配備される。,4
2021GB03-065,★★★,破邪七支刀 呼ぶ子,はじゃしちしとう よぶこ,,ユニット,東妖,怪異,戦士,,,1,4,2,2,,,■「破邪七支刀」 通常：［DR５］レベル３の敵ユニット１体を選び、破壊する。【強化】怪異（これを場に出す際、君の怪異のユニット１体を選び、これのソウルに入れてもよい。）■これのソウルに怪異があるなら、これは【貫通】と【警戒】と【ソウルガード】を得る。,,「呼ぶ子には過ぎたる物」と言われた破邪七支刀。今では揶揄する者もいない。,4
2021GB03-066,★★,オオムカデの赤城,オオムカデのあかぎ,,ユニット,東妖,怪異,ビースト,ビジネス,魔王,0,2,4,0,,,【待機】（【待機】を持つユニットは、セットする事ができる。）■これはセットゾーンから通常召喚する事ができる。■「お代を頂きやす」 相手がレベル１以上のイベントをプレイした時、これをセットゾーンから特殊召喚してもよい。そうしたら相手のセットカード１枚を選び、破壊する。,,客足が多いって縁起でね。ムカデのアタシには商い事は天職でして。何でもご用意いたしやす。,4
2021GB03-067,★★,東妖軍空間機動部隊 “連雀”,とうようぐんくうかんきどうぶたい “れんじゃく”,,ユニット,東妖,ミリタリー,,,,0,2,2,1,TD,,【TD】「エナジーブースト【ターン１】」 エナジー１枚を選び、アクトする。,,一糸乱れぬ飛翔操作の腕の冴え。連雀部隊のパフォーマンスは人気を博し、人々の明るい笑顔を呼んだ。,4
2021GB03-068,★★,蛇神転生,じゃしんてんせい,,イベント,東妖,怪異,まじない,,,2,,,,CNT,,使用タイミング：通常■君のデッキの上から１枚を墓地に置く。その後、君の墓地から怪異を１体特殊召喚し、味方ユニットを１体墓地に置く。そうしたら相手は場の自身のカードを１枚墓地に置く。,これをプレイする。,"「山ン本よ。印度、中国、この日ノ本と、よくも飽きずに競ってきたものよ。どうだ、侵略次元とやらに一杯食わせる事で、我らの決着とせんか？」
神野悪五郎",4
2021GB03-069,★★,闘いの挽歌,たたかいのばんか,,イベント,東妖,まじない,歴史,,,2,,,,,,使用タイミング：通常■１回復する。■「長き休息」 これをプレイする際、［DR７］（ダメージリバース。君のダメージゾーンのカード７枚を裏返す。）してもよい。そうしたら追加で１回復する。,,街は再びよみがえるだろう。以前より美しく、より強くなって。傷ついた戦士たちは互いに心を通わせる。俺たちもこの街と同じだと。,4
2021GB03-070,★★,ゆきんこ軍団,ゆきんこぐんだん,,イベント,東妖,怪異,タクティクス,,,1,,,,CNT,,使用タイミング：通常■相手に場の自身のカード１枚を選ばせる。それを墓地に置く。,「冬将軍の裁き」 相手に場の自身のセットカード１枚を選ばせる。それ以外の相手のセットカードを全て墓地に置く。,かわいらしい攻撃だが、ときに戦局を揺るがす決着の一打となる。,4
2021GB03-071,★,竜型決戦兵器 “黒雷”,りゅうがたけっせんへいき “クロイカズチ”,,ユニット,東妖,ドラゴン,ミリタリー,,,3,4,5,2,,,■「破魔の剣」 これが攻撃した時、敵ユニット１体を選び、５ダメージを与える。,,８つの神社に祀られし八柱雷神、八芒の御鏡を描く結界にて侵略次元の脅威を防ぐ。もとより東京は、鉄路にて陰陽の陣を描いた呪術都市でさえあるのだ。,4
2021GB03-072,★,牛鬼 天魁,ぎゅうき てんかい,,ユニット,東妖,怪異,ビースト,,,2,3,4,3,,,■『百鬼夜行』では、これをレベル０として扱う。,,"人間の法で妖怪を裁く訳にはいかない。彼らには彼らの生態があるからだ。
しかし両者は、なんとか折り合いをつけていた。
国土交通省「そこ、後で直しておいてくださいね。」
天魁「はい。」",4
2021GB03-073,★,鎌鼬のサブロー,かまいたちのサブロー,,ユニット,東妖,怪異,戦士,ビースト,,1,5,3,1,,,■【ターン１】君がダメージを受けた時、これをアクトする。■「伸るか反るかだ。【ターン１】」 通常：各プレイヤーは自身がコントロールしていないカード１枚を選ぶ。その後、ジャンケンで決着をつける。勝ったプレイヤーは場の自身のカードを1枚墓地に置いてもよい。そうしたら、自身が選んだカードを墓地に置く。,,ジョー兄ぃ、出しゃばるんじゃねぇ。俺に任せときゃいいんだよ。,4
2021GB03-074,★,牛鬼 武曲,ぎゅうき むごく,,ユニット,東妖,怪異,ビースト,,,1,4,3,3,,,【強制待機】（これはセットゾーン以外から場に出せない。このユニットはイベントのようにセットして使用する。）■これは通常召喚できない。■これが相手によってセットゾーンから墓地に置かれる際、これを特殊召喚してもよい。,,妖怪たちは、破滅の使者の襲来に備え待機していた。しかしそのまま寝過ごしてしまい、出遅れた者もいた。,4
2021GB03-075,★,禰宜猫,ねぎねこ,,ユニット,東妖,怪異,神,,,1,1,1,0,TD,,【TD】相手のセットカード１枚を選び、墓地に置く。この能力がゲートにある間、選ばれたカードはプレイする事ができない。【ファミリア】（通常：これに、ターン終了時まで任意の属性を１つ追加する。）■君のメインフェイズにこれが手札から捨てられた時、これを特殊召喚してもよい。,,竜型決戦兵器を御神体とする神社は都内に十二社存在し、うち八社は名高い「イカズチシリーズ」を奉じている。各神社では、御神体のプラモデルがよく売れているとの話だ。,4
2021GB03-076,★,塗り壁,ぬりかべ,,ユニット,東妖,怪異,大地,,,0,0,5,0,OD,,【OD】「塗り壁プレス」 相手のダメージゾーンのカード１枚を選び、裏返す。その後、自分のダメージゾーンのカードを１枚表向きにする。■「とおせんぼ」 敵ユニットは【警戒】を失う。,,"「ある事に行き詰まって悩んでたら、神野の兄貴に言われたよ。壁は破るためにあるってな。」
週刊妖怪ウィークの取材に。塗り壁が答えて。",4
2021GB03-077,★,蜘蛛の糸,くものいと,,イベント,東妖,怪異,まじない,,,1,,,,CNT,,使用タイミング：即時■レベル２以下の敵ユニット１体を選び、レストする。,相手ルーラーか敵ユニット１体を選び、レストする。,"「お主の魂胆は解っておるぞ、悪五郎。人を脅かし続けているうちに、人間の勇者を敬するようになったのじゃ。お前と組むと負け癖がつくわい。
……が、その話、付き合おう。」",4
2021GB03-078,★,残照,ざんしょう,,イベント,東妖,歴史,,,,0,,,,CNT,,使用タイミング：通常■次のどちらかを行う。◯君のダメージゾーンのカード２枚までを選び、表向きにする。◯［DR５］する。そうしたら君のダメージゾーンから神器１体を選び、特殊召喚する。,これをプレイする。,"新宿区全域：壊滅　渋谷区及び中野区：被害甚大
戦闘員死傷者数：671名　非戦闘員死傷者数：21名
損失兵器：54両　火雷及び裂雷：半壊　ガシャドクロ：全壊 
「第三次防衛戦 戦闘詳報」より抜粋",4
2021GB03-079,★,東妖軍ドクトリン,とうようぐんドクトリン,,イベント,東妖,戦技,タクティクス,,,0,,,,,,使用タイミング：通常■場の君の戦士かミリタリーのユニット１体を選び、ターン終了時までATK＋１、HP＋１し【警戒】を与える。,,守れ。一人でも多くの人を救え。その折に敵の戦力を分析し、然る後決断的に反撃せよ。,4
2021GB03-080,★,妖怪外教,ようかいげきょう,,イベント,東妖,怪異,まじない,,,0,,,,,,使用タイミング：通常■味方ユニット１体を選び、そのユニットのレベル以下のレベルを持つ敵ユニット１体を選ぶ。選んだ味方ユニットを墓地に置く。そうしたら、選んだ敵ユニットを破壊する。,,"人々よ恐れるな。
無敵の存在などありはしない。",4
2021GB03-081,★,灯篭流し,とうろうながし,,フィールド,東妖,まじない,,,,1,,,,CNT,,■誰も回復以外の方法で、ダメージゾーンのカードを他の領域へ移す事はできない。■「送り火【ターン１】」 通常：［これを墓地に置く］君の墓地からレベル０以下のユニット１体を選び、特殊召喚する。,これをフィールドゾーンに置く。,記憶に残らなくてもいい。もう一度、あなたと夏の夜空を見上げられるなら。,4
2021GB03-082,★★★★Ⓛ,コブラ＆アーマロイド・レディ,コブラ アンド アーマロイド・レディ,,ユニット,マジカルユニバース,戦士,ヒーロー,フューチャーメン,,2,5,5,3,OD TD,レジェンド,【TD】【OD】「サイコガンは心で撃つ」 敵ユニット１体を選び、破壊する。■「切り札ってのは最後まで見せないもんだぜ」 君のライフが２以下で、君が攻撃された時、これを手札か場から除外してもよい。そうしたら相手に２ダメージを与える。,,神か……最初に罪を考え出したつまらん男さ。,1
2021GB03-083,★★★★Ⓢ,スペース・イフリート,スペース・イフリート,,ユニット,マジカルユニバース,OWL,怪異,ビースト,炎,4,6,5,3,CNT OD TD,,【コスト軽減】これをプレイする際、［DR４］（ダメージリバース。君のダメージゾーンのカード４枚を裏返す。）するか、［手札を１枚デッキの下に置く］事で、２コストでプレイしてもよい。【TD】「スペースフレイム」 敵ユニット全てに２ダメージを与える。【OD】「ノヴァシュート」 相手に２ダメージを与える。,相手に１ダメージを与える。,炎は、古来より神であり畏怖の対象であり、人間のおごりを幾度となく焼き尽くしてきた。,4
2021GB03-084,★★★★Ⓢ,スペースキャプテン エド,スペースキャプテン エド,,ユニット,マジカルユニバース,フューチャーメン,,,,4,2,1,2,CNT OD TD,,【コスト軽減】これを手札からプレイする際、［手札を１枚捨てる］事で、２コストでプレイしてもよい。【TD】【OD】「ディスインティグレイター」 敵ユニット１体を選び、５ダメージを与える。■「銀河探索【ターン１】」 通常：［DR３］君の墓地からマジカルユニバースのイベント１枚を選び、コストを支払わずプレイする。そうしたら、そのイベントを墓地に置く代わりにゲームから除外する。,これの【OD】を使う。,ヴェルオクト号を捉えた奇怪マシーン「ブラックアントラー」を撃破すべく、エドは単身、愛機ライトニングで出撃した。,4
2021GB03-085,★★★★,スペース円卓の騎士 宇宙ランスロット,スペースえんたくのきし うちゅうランスロット,,ユニット,マジカルユニバース,宇宙遺産,戦士,ロボ,,3,5,4,1,OD TD,,【TD】【OD】君のデッキの上から１枚をこれのソウルに入れる。■これがデッキから特殊召喚された時、これの【OD】を使う。【ソウルガード】【２回攻撃】,,時空要塞スペースキャメロットより、正義のためにただいま参上！,4
2021GB03-086,★★★★,コブラ,コブラ,,ユニット,マジカルユニバース,戦士,ヒーロー,フューチャーメン,,2,3,3,2,CNT OD TD,,■「ヒューッ！」 君のライフが３以下なら、これを通常召喚する際のコストは１になり、【直衛召喚】（即時：相手のターン中、これを通常召喚する。）を得る。【TD】【OD】「パイソン77マグナム」 敵ユニット１体を選び、３ダメージを与える。,「ジャイアントキリング」 レベル３の敵ユニット１体を選び、破壊する。,「ヒューッ 見ろよやつの筋肉を…まるでハガネみてえだ!!」 ,4
2021GB03-087,★★★★,シンギュラリティスピリット シュレディンガー,シンギュラリティスピリット シュレディンガー,,ユニット,マジカルユニバース,OWL,パラノーマル,ピポバース,,1,0,5,0,CNT OD TD,,【コスト軽減】これを手札からプレイする際、［DR１］する事で、０コストでプレイしてもよい。【TD】相手のセットカード１枚を選び、破壊する。【OD】君の墓地からカードを１枚ダメージゾーンに置く。そうしたら１回復する。■「パラレルファミリア【ターン１】」 通常：これと君のダメージゾーンのユニット全てに、ターン終了時まで任意の属性を１つ追加する。■これは相手のカードや能力で選ばれない。,これの【OD】か【TD】を使う。,数学上の特異点だって、心も体も欲しいのさ。ここでは何でもありだからね。,4
2021GB03-088,★★★★,タキオン・ターボ・BBA,タキオン・ターボ・ババア,,ユニット,マジカルユニバース,怪異,フューチャーメン,レギンレイヴ,,1,2,1,2,,,■「速さが足りないね！」 即時：相手ルーラーか敵ユニットがこのユニットを攻撃した時、君の空いている攻撃ゾーンか守備ゾーンにこれを置きなおしてもよい。,,"速度を求めた。不可能だと言われても、いつかは“ヤツ”を超えなければならないと感じていた。
彼女は試練を受け、速度を手に入れた。物理法則を超え、“ヤツ”を追い抜く。そう。光を。
設定：スバ公",4
2021GB03-089,★★★,クリスタルボーイ,クリスタルボーイ,,ユニット,マジカルユニバース,ギルド,フューチャーメン,,,2,5,4,2,,,■「海賊ギルド」 通常：［DR３］相手のダメージゾーンのカード１枚を選び、裏返す。■「冷酷な作戦」 誰も【OD】と【TD】を使えない。,,バカめ！　キサマが死ねば同じことよ。,4
2021GB03-090,★★★,バイオ軍団団長 クーデター,バイオぐんだんだんちょう クーデター,,ユニット,マジカルユニバース,エブリデイクライム,魔王,,,2,3,4,1,CNT,,■「極秘作戦」 通常：［DR３］【待機】または【強制待機】を持つレベル１以下のユニット３枚までをデッキから選んで相手に見せ、そのうち１枚を見せずにセットする。残りをデッキに戻す。こうしてセットしたユニットは、このターン通常召喚できない。,場の君のカードを１枚墓地に置いてよい。そうしたらこれを攻撃ゾーンに特殊召喚する。,ダイアクトーの狂信者を自称するも、「名前からしていつか絶対に裏切る」ともっぱらのうわさ。,4
2021GB03-091,★★★,スペースライダー 宇宙デュラハン,スペースライダー うちゅうデュラハン,,ユニット,マジカルユニバース,怪異,戦士,ピポバース,フューチャーメン,0,4,4,0,,,【強化】ピポバースかフューチャーメン（これを場に出す際、君のピポバースかフューチャーメンのユニット１体を選び、これのソウルに入れてもよい。）■【強化】したこれが場に出た時、デッキの上から１枚を見る。それがレベル１以下のピポバースかフューチャーメンなら、ドライブしてもよい。ドライブしないならデッキの下に置く。■これにソウルがあるなら、これのSTK＋１する。,,ついに俺たちピポバースが火を吹くぜ！　「アドリアーノ対ブラックメン」、使ってくれよな！,4
2021GB03-092,★★★,サイコガン,サイコガン,,イベント,マジカルユニバース,火力,テクノロジー,,,2,,,,,,使用タイミング：即時【コスト軽減】これをプレイする際、［DR３］するか、［手札を１枚デッキの下に置く］事で、０コストでプレイしてもよい。■このイベントは手札からもプレイできる。■敵ユニット１体以上を選び、３ダメージを割り振る。, ,「しかし……レディー、人間なんておかしなもんだな」. 「スリルにみちた生活,4
2021GB03-093,★★,バイオ軍団 クマデター,バイオぐんだん クマデター,,ユニット,マジカルユニバース,エブリデイクライム,ビースト,,,１,4,3,1,,,【待機】（【待機】を持つユニットは、セットする事ができる。）■これはセットゾーンから通常召喚する事ができる。■「熊出没注意」 相手がレベル０以下のイベントをプレイした時、これをセットゾーンから特殊召喚してもよい。そうしたら、そのイベントを打ち消す。■これが墓地から場に出た時、ターン終了時までこれのATK＋２する。,,バイオ軍団。未開の惑星を占領し、固有の動植物から新兵器を生み出す特殊部隊。結果的に環境保護につながっている。,4
2021GB03-094,★★,バイオ軍団 サルデター,バイオぐんだん サルデター,,ユニット,マジカルユニバース,エブリデイクライム,ビースト,,,1,5,3,1,,,【待機】■これはセットゾーンから通常召喚する事ができる。■「猿も木から落ちる」 君が相手ルーラーに攻撃された時、これをセットゾーンから攻撃ゾーンに特殊召喚してもよい。そうしたらターン終了時まで相手ルーラーのSTK－１する。その後、相手のフィールドカード１枚を選び、破壊してもよい。,,オイラは何も見てないよ。クーデター様の秘密研究室に、ダイアクトー様そっくりのロボットがたくさん並んでいたなんて……！,4
2021GB03-095,★★,アドリアーノ対ブラックメン,アドリアーノたいブラックメン,,イベント,マジカルユニバース,戦技,,,,3,,,,CNT,,使用タイミング：通常■フューチャーメンかピポバースを宣言し、デッキの上から４枚を見る。その中からレベルの合計が２以下になるように宣言した属性のユニット２体までを選び、特殊召喚してもよい。残ったカードをデッキの下に置く。その後、そのユニットの【OD】と【TD】を使う。,君の墓地にあるレベル１以下のピポバースかフューチャーメンのユニット１体を選び、特殊召喚する。,"「とりあえず試しに言ってみるが私はお前の父親だ！」
「俺の親父はローマでピザ屋やってるしもっと腹が出てるよ！」",4
2021GB03-096,★★,二つの選択,ふたつのせんたく,,イベント,マジカルユニバース,アクシデンツ,,,,1,,,,CNT,,使用タイミング：通常■次のどちらかを使う。◯相手のデッキの上から５枚を見て、【CNT】を持つカードを全てゲームから除外する。その後、相手はデッキをシャッフルする。◯君の手札が１枚以下で、このカード以外のセットカードがない場合、２枚引く。,１枚引く。,ブラックアントラーに囚われたヴェルオクト号の中、エンジンルームの秘宝を手土産にエブリデイクライムに帰ろうとしたリクルーターは、謎の女神からどこかで見た聖剣を託された。「勇敢なる者よ、この剣で仲間を救うのです！」,4
2021GB03-097,★★,マクスウェルの悪魔,マクスウェルのあくま,,フィールド,マジカルユニバース,パラノーマル,,,,1,,,,,,■「エントロピーコントロール【ターン１】」 君のカードや能力で場の敵ユニットを選ぶ際、そのレベルを－１したものとして扱ってもよい。■即時：［これを墓地に置く］次に君に与えられるダメージを１軽減する。,,熱力学の定理を破壊し、永久機関を生み出す理論上の悪魔は、物理学の信徒たちによって永久に葬られたかに見えた。だが……,4
2021GB03-098,★,ミノタウロスの戦士 サーロイン,ミノタウロスのせんし サーロイン,,ユニット,マジカルユニバース,戦士,ビースト,ピポバース,レギンレイヴ,3,5,5,3,CNT,,■これがダメージゾーン以外から場に出た時、君のダメージゾーンにある“ミノタウロスの戦士 カタロース”１体を選び、特殊召喚する。■「ステーキにして食ってやる！」 場に君の“ミノタウロスの戦士”が３種類以上あれば、これのSTK＋１する。,相手のセットカードかフィールドカード１枚を選び、破壊する。,ミノタウロス三兄弟の長兄。レギンレイヴ特典として肉体の80％をサイボーグ化。どのような惑星上でも「我慢すれば耐えられる」程度の頑健な肉体を持つ。,4
2021GB03-099,★,奇怪マシーン ブラックアントラー,きかいマシーン ブラックアントラー,,ユニット,マジカルユニバース,エブリデイクライム,,,,2,4,3,2,,,■「ブラックホール結界」 これが敵ユニットに攻撃された時、そのレベル１以下のユニット１体を選ぶ。それをダメージステップ開始時に破壊する。■「リープ航法【ターン１】」 君がダメージを受けた時、君の空いている攻撃ゾーンか守備ゾーンにこれを置き直してもよい。,,エドが隠し持つという銀河最大の秘宝、宇宙聖杯を奪うため、特務艦ブラックアントラーはブラックホール結界による罠を張り巡らせた。,4
2021GB03-100,★,ミノタウロスの戦士 カタロース,ミノタウロスのせんし カタロース,,ユニット,マジカルユニバース,戦士,ビースト,ピポバース,レギンレイヴ,2,4,4,2,,,■これがダメージゾーン以外から場に出た時、君のダメージゾーンにある“ミノタウロスの戦士 バラニク”１体を選び、特殊召喚する。■「プルドビーフにして食ってやろう！」 君のアタックフェイズ開始時：［これをレストする］守備ゾーンの敵ユニット１体を選び、破壊する。,,恵まれぬ境遇に生まれた三兄弟は、諧謔の神ロキの試練を突破し、レギンレイヴの力を得た。,4
2021GB03-101,★,宇宙ペガサス ドゥン・スタリオン,うちゅうペガサス ドゥン・スタリオン,,ユニット,マジカルユニバース,宇宙遺産,風,,,1,3,3,1,,,■これが相手にダメージを与えた時、［DR７］してもよい。そうしたら君のデッキから、宇宙遺産とロボを持つユニット１体を選び、特殊召喚する。■君のセットゾーンにある“宇宙アーサー”を通常召喚してもよい。,,"「アドリアーノ、君がエンジンルームに入るんだ。」
瀕死の重傷を負ったエドは、アドリアーノにささやいた。
「君なら聖杯の力を正しく導ける……最強の戦士、宇宙アーサーの力を。」",4
2021GB03-102,★,奇怪マシーン ねじ込みドリル戦艦,きかいマシーン ねじこみドリルせんかん,,ユニット,マジカルユニバース,宇宙遺産,,,,1,4,2,1,CNT,,【貫通】■「必殺のねじ込み大爆発」 これが相手にダメージを与えた時、相手とジャンケンで決着をつける。君が勝ったらこれを破壊し、相手に２ダメージを与える。,相手とジャンケンで決着をつける。君が勝ったら相手に１ダメージを与える。,誰だこんなの作ったの。,4
2021GB03-103,★,バイオ軍団 サメデター,バイオぐんだん サメデター,,ユニット,マジカルユニバース,エブリデイクライム,サメ,ビースト,水,1,3,3,1,,,【待機】■これはセットゾーンから通常召喚する事ができる。■相手がレベル１以下のユニットの【OD】か【TD】を使った時、これをセットゾーンから特殊召喚してもよい。そうしたらその【OD】か【TD】を打ち消す。,,勝手に支配した未開惑星の原生生物を研究し、生み出した薬品を激安販売する。「エブリデイ製薬の無認可ジェネリック医薬品（何だそれ）」は正規薬品を買えない人々を救うと同時に、組織に莫大な利益をもたらしている。,4
2021GB03-104,★,ミノタウロスの戦士 バラニク,ミノタウロスのせんし バラニク,,ユニット,マジカルユニバース,戦士,ビースト,ピポバース,レギンレイヴ,1,3,3,1,OD TD,,【TD】【OD】「焼肉パーティ」 君の墓地から、“ミノタウロスの戦士”１枚を選び、君のダメージゾーンに置いてもよい。そうしたら１回復する。,,宇宙船「ステーキハウス」を駆る賞金稼ぎ、ミノタウロス三兄弟。末弟バラニクは情報収集と交渉の達人だ。,4
2021GB03-105,★,宇宙クラーケン,うちゅうクラーケン,,ユニット,マジカルユニバース,怪異,たこ,ピポバース,水,0,3,3,0,CNT OD,,【OD】君の墓地からピポバース２枚を選び、君のダメージゾーンに置いてもよい。そうしたら君のダメージゾーンからカード２枚を選び、墓地に置く。,これの【OD】を使う。,大航海時代に果てなんていらない。脅威も危険もなくならなくていい。だから人は挑戦できる。,4
2021GB03-106,★,宇宙ドッペルゲンガー,うちゅうドッペルゲンガー,,ユニット,マジカルユニバース,怪異,ビースト,,,0,1,1,1,OD,,【OD】レベル２以下の敵ユニット１体を選ぶ。選んだユニットが場にある限り、これのATKとHPは選んだユニットの元々の数値と同じになる。,,「そのさあ、『大体合ってるから大丈夫』ってマジカルユニバースイズムなんだろうけど、もうちょっと努力しない？」,4
2021GB03-107,★,リアライズ,リアライズ,,イベント,マジカルユニバース,サイキック,,,,2,,,,,,使用タイミング：通常■君のダメージゾーンにあるレベル０以下のユニット１体を選び、特殊召喚する。,,武器を失っても……俺にはゲートルーラーカードが有るぜ！,4
2021GB03-108,★,スペース・ガッチャ！,スペース・ガッチャ！,,イベント,マジカルユニバース,テクノロジー,,,,1,,,,CNT,,使用タイミング：即時■このターン、次に敵ユニット１体が破壊され、それが墓地に置かれた時、そのカードをダメージゾーンに置く。,「ジャイアントキリング」 レベル３の敵ユニット１体を選び、破壊する。,「掛かったなエド！　私の宇宙アリジゴクに！　半年間待ち続けたかいがあったぞ！」「なんて暇なやつらなんだ！」,4
2021GB03-109,★★★★Ⓛ,異形竜 ダムドメギド,いぎょうりゅう ダムドメギド,,ユニット,侵略次元,ドラゴン,破滅の使者,,,3,7,6,2,CNT,レジェンド,■これが場に出た時、君の墓地から侵略次元のカード２枚までを選び、これのソウルに入れる。■「運命腐敗」 通常：［これのソウルを１枚デッキの下に置く］ターン終了時まで、これが相手に与えたダメージでは【CNT】できない。■「可能性歪曲」 相手がレベル１以下のイベントをプレイした時、これのソウルを１枚デッキの下に置いてもよい。そうしたらそのイベントを打ち消す。,「可能性の否定」 以下のどちらかを行い、その後、これを除外する。○相手は自身の手札を２枚捨てる。○場の相手のカード１枚を選び、破壊する。,原案・飯田健太,1
2021GB03-110,★★★★Ⓢ,黒き無貌 ナイアルラトホテプ,くろきむぼう ナイアルラトホテプ,,ユニット,侵略次元,破滅の使者,魔王,,,4,6,6,2,CNT,,【コスト軽減】これをプレイする際、［手札を１枚裏向きにして、君のユニットかフィールドのソウルに入れる］事で、２コストでプレイしてもよい。■「這い寄る混沌」 通常：［君のカードのソウルを１枚デッキの下に置き、DR１/侵略次元］相手のセットカード１枚を選び、破壊する。■「旧支配者の使者」 即時：［DR２］デッキの上から１枚を裏向きのまま、君の侵略次元のソウルに入れる。,君のカードからソウルを２枚デッキの下に置いてもよい。そうしたら君の手札から破滅の使者を１体特殊召喚する。,,4
2021GB03-111,★★★★,ティンダロスの猟犬,ティンダロスのりょうけん,,ユニット,侵略次元,破滅の使者,魔王,,,1,2,1,1,TD,,■このユニットは即時タイミングで攻撃ゾーンに通常召喚できる。【TD】「喰らう者共」 レベル１以下の敵ユニット１体を選び、これのソウルに入れる。これが場から離れる時、相手はそのユニットのコントロールを得る。■君が手札から破滅の使者をプレイする際、これを墓地から除外してもよい。そうしたらそのコストで支払うエナジーは１少なくなる。,,"「来る。あいつが来るんだ。鋭角を潰せ！」
（東妖軍前線部隊からの最後の通信）",4
2021GB03-112,★★,ホワイトシャドウ,ホワイトシャドウ,,ユニット,侵略次元,オブジェ,破滅の使者,光,,0,3,3,0,TD,,【TD】「エナジーブースト【ターン１】」 エナジー１枚を選び、アクトする。,,可能性とはあくまで確率やカオスによって語られるべき概念であり、断じてエネルギーなどではない。だが侵略次元と戦う者たちは一様に感じるのだ。自らの確固たる存在感が、未来が、可能性が……「吸われている」と。,4
2021GB03-113,★,ゴールドナイト,ゴールドナイト,,ユニット,侵略次元,DWM,,,,1,4,2,2,,,■「共鳴強化」 場に君の“シルバーナイト”があるなら、これはHP＋３され、【警戒】を得る。,,"やつらはただ、全てを蹂躙するために、ひたすらに押し寄せる。
彼らの目的が理解できるのは、我々が滅ぶ時なのかも知れない。",4
2021GB03-114,★,シルバーナイト,シルバーナイト,,ユニット,侵略次元,DWM,,,,1,4,2,2,TD,,【TD】「共鳴転移」 ［DR３/侵略次元］してもよい。そうしたら君のデッキから“ゴールドナイト”１体を選び、特殊召喚する。,,殺戮のための機械、デモニック・ウォーマシーン。そのデザインや機能からは、効率的で洗練された技術が見受けられる。だが、最も洗練され、かつ、最も無駄に思われるのは、必要以上の加虐性だ。,4
2021GB03-115,★,置き換え,おきかえ,,イベント,侵略次元,パラノーマル,,,,0,,,,,,使用タイミング：通常■君の墓地から【CNT】を持たない侵略次元３枚までを選び、君の【ソウルガード】を持たない侵略次元１枚のソウルに裏向きにして入れる。,,「置き換え」。ヨーロッパで頻発する侵略次元の攻撃。人々が、あるいは地域そのものが、ある日突然侵略次元のモノと入れ替わる。,4
2021GB03-S01,SEC,夢見鳥,ゆめみどり,,ユニット,東妖,風,神,水,,1,1,1,1,OD,レジェンド,【OD】デッキの上から１枚見る。それがレベル２以下のカードならドライブしてもよい。ドライブしないならデッキの下に置く。,,,1
2021GB03-S02,SEC,滅びし世界のアリス,ほろびしせかいのアリス,,ユニット,ATLAS,アリス,覚醒者,,,1,3,3,1,TD,,【TD】「Mad tea party」 デッキの上から２枚見て、A7かアリスのユニット１枚を手札に加えてもよい。それ以外をデッキの下に置く。■「I make the path!」 全てのA7とアリスは【貫通】を得る。,,,4